-- phpMyAdmin SQL Dump
-- version 3.2.4
-- http://www.phpmyadmin.net
--
-- Host: localhost
-- Generation Time: Apr 07, 2011 at 01:22 PM
-- Server version: 5.1.41
-- PHP Version: 5.3.1

SET SQL_MODE="NO_AUTO_VALUE_ON_ZERO";


/*!40101 SET @OLD_CHARACTER_SET_CLIENT=@@CHARACTER_SET_CLIENT */;
/*!40101 SET @OLD_CHARACTER_SET_RESULTS=@@CHARACTER_SET_RESULTS */;
/*!40101 SET @OLD_COLLATION_CONNECTION=@@COLLATION_CONNECTION */;
/*!40101 SET NAMES utf8 */;

--
-- Database: `recipes`
--

DROP DATABASE IF EXISTS recipes;
CREATE DATABASE IF NOT EXISTS recipes;
GRANT ALL PRIVILEGES ON recipes.* to 'assist'@'localhost' identified by 'assist';
USE recipes;
-- --------------------------------------------------------

--
-- Table structure for table `comments`
--

CREATE TABLE IF NOT EXISTS `comments` (
  `comment_id` int(11) NOT NULL AUTO_INCREMENT,
  `email_address` varchar(50) NOT NULL,
  `recipe_id` int(11) NOT NULL,
  `comment` blob NOT NULL,
  `date` date NOT NULL,
  PRIMARY KEY (`comment_id`)
) ENGINE=MyISAM  DEFAULT CHARSET=latin1 AUTO_INCREMENT=15 ;

--
-- Dumping data for table `comments`
--

INSERT INTO `comments` (`comment_id`, `email_address`, `recipe_id`, `comment`, `date`) VALUES
(1, 'emily', 6, 0x59756d6d792121204920616d20676f696e6720746f206d616b6520746865736520616761696e20666f72206d79206e6578742070617274792e2045766572796f6e65206c6f766564207468656d, '2011-04-07'),
(2, 'admin', 6, 0x49207265616c6c79206469646e74206c696b65207468656d2e205468657920746173746564206c696b65206f72616e67657320696e7374656164206f66206170706c65732120546865792077657265207374696c6c20676f6f6420627574206e6f74207265616c6c7920612074727565204170706c65204d617274696e692e, '2011-04-07'),
(3, 'megan', 6, 0x4c6f766564207468656d21212043616e74207761697420746f206861766520616e6f74686572206f6e6521, '2011-04-07'),
(4, 'luke', 5, 0x4920686f7065206d79206769726c20667269656e642077696c6c206d616b65206d652074686973212120497420736f756e6473207265616c6c7920676f6f642120, '2011-04-07'),
(5, 'kevin', 5, 0x5468697320776173207265616c6c7920676f6f642120, '2011-04-07'),
(6, 'patrick', 5, 0x49207265616c6c79206469646e74206c696b65207468697321, '2011-04-07'),
(7, 'luke', 2, 0x54686973206973206120677265617420736e61636b2121204920616c736f2063616e20736572766520697420617420706172746965732120492063616e74207761697420746f206d616b6520697420616761696e, '2011-04-07'),
(8, 'emily', 3, 0x4d79206b696473206c6f76656420746869732120546865792077616e74206d6520746f206d616b6520697420616761696e20746f6d6f72726f77206e696768742121, '2011-04-07'),
(9, 'megan', 3, 0x4d79206b696473206c6f76656420697420746f6f21205468616e6b7320666f722070757474696e672074686973207265636970652075702068657265, '2011-04-07'),
(10, 'patrick', 4, 0x546865206265616e7320746f206d652077657265206e6f7420636f6f6b656420656e6f7567682e205468652074617374652077617320676f6f642074686f756768, '2011-04-07'),
(11, 'renee', 1, 0x49206d61646520746865736520666f72206d79206368757263682067726f7570212054686579206c6f76656420746865736521, '2011-04-07'),
(12, 'mary', 1, 0x496620796f7520616c736f2077616e74206120717569636b20776179206a75737420646f206120626f78206f662067696e6765726272656164206d69782066726f6d206120626f7820636f6d62696e65207468617420776974682074776f206567677320616e6420312f3220637570206f66206d696c6b, '2011-04-07'),
(13, 'Jacklynn', 1, 0x49206469646e74206c696b6520746865207265636970652e204920646964207472792074686520626f78206d697820616e64207265616c6c79206c696b6564206974, '2011-04-07'),
(14, 'garry', 1, 0x49206469646e74206c696b65206974212049742077617320746f207377656574, '2011-04-07');

-- --------------------------------------------------------

--
-- Table structure for table `ingredients`
--

CREATE TABLE IF NOT EXISTS `ingredients` (
  `ingredient_id` int(11) NOT NULL AUTO_INCREMENT,
  `name` varchar(50) NOT NULL,
  PRIMARY KEY (`ingredient_id`)
) ENGINE=MyISAM  DEFAULT CHARSET=latin1 AUTO_INCREMENT=43 ;

--
-- Dumping data for table `ingredients`
--

INSERT INTO `ingredients` (`ingredient_id`, `name`) VALUES
(1, '2 cups  all-purpose flour\r'),
(2, '1 teaspoon  ground cinnamon\r'),
(3, '1 teaspoon  ground ginger\r'),
(4, '1 teaspoon  ground nutmeg\r'),
(5, '3/4 teaspoon  baking powder\r'),
(6, '3/4 teaspoon  baking soda\r'),
(7, '1/4 teaspoon  salt\r'),
(8, '2   eggs, slightly beaten\r'),
(9, '1-1/4 cups  buttermilk\r'),
(10, '1/3 cup  molasses\r'),
(11, '1/3 cup  strong coffee\r'),
(12, '3 tablespoons  cooking oil\r'),
(13, '1 recipe  Lemon Sauce ( see Recipe Center) or 1 re'),
(14, '1/4 cup  jalapeno pepper jelly\r'),
(15, '2 tablespoons  butter \r'),
(16, '1/4 teaspoon  five-spice powder\r'),
(17, '1/4 teaspoon  bottled hot pepper sauce\r'),
(18, '2 cups  whole cashews or dry roasted peanuts\r'),
(19, '1 cup  dried banana chips\r'),
(20, '1 cup  dried pineapple chunks, cut up\r'),
(21, '1 cup  chopped dates\r'),
(22, '1 cup  chow mein noodles'),
(23, '1 lb.  ground beef\r'),
(24, '1 1/2 cups  water\r'),
(25, '2 cups  uncooked medium shell-shaped pasta\r'),
(26, '\r'),
(27, ''),
(28, '3/4 cup  milk \r'),
(29, '1/8 teaspoon  black pepper\r'),
(30, '2 (9 ounce each) packages  frozen cut green beans,'),
(31, '1/3 cup  butter, melted \r'),
(32, '1/4 cup  sugar\r'),
(33, '1-1/2 cups  finely crushed chocolate wafer cookies'),
(34, '1 quart  mint chocolate chip ice cream\r'),
(35, '1 cup  coarsely crushed peppermint sticks or candy'),
(36, '1 cup  chopped layered chocolate-mint candies (abo'),
(37, '1 orange, cut into wedges\r'),
(38, '3 cups  vodka or gin   \r'),
(39, '3/4 cup  frozen apple juice concentrate, thawed\r'),
(40, '1/3 cup  dry vermouth\r'),
(41, 'Ice cubes\r'),
(42, 'Fresh orange peel twists (optional)\r');

-- --------------------------------------------------------

--
-- Table structure for table `ratings`
--

CREATE TABLE IF NOT EXISTS `ratings` (
  `email_address` varchar(50) NOT NULL,
  `recipe_id` int(11) NOT NULL,
  `rating` int(2) NOT NULL
) ENGINE=MyISAM DEFAULT CHARSET=latin1;

--
-- Dumping data for table `ratings`
--

INSERT INTO `ratings` (`email_address`, `recipe_id`, `rating`) VALUES
('emily', 6, 5),
('admin', 6, 3),
('', 6, 4),
('', 5, 5),
('patrick', 5, 1),
('luke', 2, 5),
('', 2, 5),
('emily', 3, 5),
('megan', 3, 5),
('patrick', 4, 3),
('', 4, 1),
('renee', 1, 5),
('mary', 1, 5),
('Jacklynn', 1, 5),
('garry', 1, 1);

-- --------------------------------------------------------

--
-- Table structure for table `recipes`
--

CREATE TABLE IF NOT EXISTS `recipes` (
  `recipe_id` int(11) NOT NULL AUTO_INCREMENT,
  `email_address` varchar(50) NOT NULL,
  `recipe_name` varchar(50) NOT NULL,
  `instructions` blob NOT NULL,
  `dish_type` enum('breakfast','appetizer','main dish','side dish','dessert','drink','other') NOT NULL DEFAULT 'other',
  PRIMARY KEY (`recipe_id`)
) ENGINE=MyISAM  DEFAULT CHARSET=latin1 AUTO_INCREMENT=7 ;

--
-- Dumping data for table `recipes`
--

INSERT INTO `recipes` (`recipe_id`, `email_address`, `recipe_name`, `instructions`, `dish_type`) VALUES
(1, 'luke', 'Gingerbread Pancakes', 0x312e20496e2061206d6978696e6720626f776c20636f6d62696e6520666c6f75722c2063696e6e616d6f6e2c2067696e6765722c206e75746d65672c2062616b696e6720706f776465722c2062616b696e6720736f64612c20616e642073616c742e20496e20616e6f74686572206d6978696e6720626f776c20636f6d62696e6520656767732c206275747465726d696c6b2c206d6f6c61737365732c20636f666665652c20616e64206f696c2e2041646420746f20666c6f7572206d6978747572652e2053746972206a75737420756e74696c20636f6d62696e656420627574207374696c6c20736c696768746c79206c756d70792e0d3c62723e0d3c62723e322e20486561742061206c696768746c7920677265617365642067726964646c65206f7220686561767920736b696c6c6574206f766572206d656469756d206865617420756e74696c2061206665772064726f7073206f662077617465722064616e6365206163726f73732074686520737572666163652e20466f7220656163682070616e63616b652c20706f75722061626f757420312f342063757020626174746572206f6e746f2074686520686f742067726964646c652e205370726561642062617474657220696e746f206120636972636c652061626f7574203420696e6368657320696e206469616d657465722e0d3c62723e0d3c62723e332e20436f6f6b206f766572206d656469756d206865617420756e74696c2070616e63616b65732061726520676f6c64656e2062726f776e2c207475726e696e6720746f20636f6f6b207365636f6e64207369646573207768656e2070616e63616b652073757266616365732061726520627562626c7920616e642065646765732061726520736c696768746c7920647279202861626f7574203120746f2032206d696e75746573207065722073696465292e20536572766520696d6d6564696174656c79206f72206b656570207761726d20696e2061206c6f6f73656c7920636f7665726564206f76656e70726f6f66206469736820696e206120333030206465677265652046206f76656e2e20496620646573697265642c2073657276652077697468204c656d6f6e205361756365206f72204272616e64696564204c656d6f6e204275747465722e204d616b65732031362070616e63616b65732e0d3c62723e, 'breakfast'),
(2, 'megan', 'Crunchy Munchies', 0x312e2050726568656174206f76656e20746f203332352064656772656520462e20496e2061206d656469756d20736175636570616e20636f6d62696e65206a656c6c792c206275747465722c20666976652d737069636520706f776465722c2073616c742c20616e64207065707065722073617563652e2048656174206f766572206c6f77206865617420756e74696c206a656c6c79206973206d656c7465642e205374697220696e2072656d61696e696e6720696e6772656469656e747320756e74696c2077656c6c20636f617465642e20506f7572206d69787475726520696e746f2061206c6172676520726f617374696e672070616e2e0d3c62723e0d3c62723e322e2042616b6520666f7220313520746f203230206d696e75746573206f7220756e74696c206361736865777320617265206c696768746c792062726f776e65642c207374697272696e67206f6e63652e2052656d6f76652066726f6d206f76656e2e20537072656164206d697874757265206f6e2061206c61726765207069656365206f6620666f696c20746f20636f6f6c2e2053746f726520696e20616e20616972746967687420636f6e7461696e657220757020746f203320646179732e204d616b65732061626f757420362063757073202831362073657276696e6773292e, 'appetizer'),
(3, 'kevin', 'Cheeseburger Pasta', 0x312e20436f6f6b20746865206265656620696e20612031302d696e636820736b696c6c6574206f766572206d656469756d2d68696768206865617420756e74696c2077656c6c2062726f776e65642c207374697272696e67206f6674656e20746f207365706172617465206d6561742e20506f7572206f666620616e79206661742e0d3c62723e0d3c62723e322e20537469722074686520736f7570732c20776174657220616e6420706173746120696e2074686520736b696c6c657420616e64206865617420746f206120626f696c2e2052656475636520746865206865617420746f206d656469756d2e20436f6f6b20666f72203130206d696e75746573206f7220756e74696c207468652070617374612069732074656e6465722c207374697272696e67206f6674656e2e0d3c62723e0d3c62723e332e2053657276696e672053756767657374696f6e3a205365727665207769746820636172726f7420616e642063656c65727920737469636b7320776974682072616e6368206472657373696e6720666f722064697070696e672e20466f7220646573736572742073657276652073746f72652d626f756768742062726f776e69657320746f7070656420776974682076616e696c6c612069636520637265616d, 'main dish'),
(4, 'patrick', 'Green Bean Casserole', 0x312e204d495820736f75702c206d696c6b20616e642070657070657220696e2061203120312f32202d71742e2062616b696e6720646973682e205374697220696e206265616e7320616e6420322f3320637570204672656e6368204672696564204f6e696f6e732e0d3c62723e0d3c62723e322e2042414b45206174203335302064656772656573204620666f72203330206d696e2e206f7220756e74696c20686f742e0d3c62723e0d3c62723e332e20535449522e20546f7020776974682072656d61696e696e6720322f3320637570206f6e696f6e732e2042616b652035206d696e2e20756e74696c206f6e696f6e732061726520676f6c64656e2e, 'side dish'),
(5, 'emily', 'Triple Mint Ice Cream Dessert', 0x312e20496e2061206d656469756d20626f776c20636f6d62696e65206d656c7465642062757474657220616e642073756761722e205374697220696e20637275736865642063686f636f6c617465207761666572733b20746f737320746f206d69782077656c6c2e205072657373206d697874757265206576656e6c79206f6e2074686520626f74746f6d20616e64203120696e636820757020746865207369646573206f66206120382d696e636820737072696e67666f726d2070616e2e204f72207072657373206576656e6c79206f6e746f20626f74746f6d20616e64207369646573206f66206120392d696e63682070696520706c6174652e204368696c6c20666f72203120686f75722e200d3c62723e0d3c62723e322e20496e2061206c61726765206368696c6c656420626f776c2c20736f6674656e2069636520637265616d206279207573696e67206120776f6f64656e2073706f6f6e20746f207374697220616e642070726573732069636520637265616d20616761696e7374207468652073696465206f662074686520626f776c2e205374697220756e74696c20736f667420627574206e6f74206d656c7465642e205374697220696e20312f3220637570206f6620746865207065707065726d696e7420737469636b7320616e6420312f3220637570206f66207468652063686f636f6c617465206d696e742063616e646965732e20517569636b6c792073706f6f6e20736f6674656e65642069636520637265616d20696e746f207468652070616e206f722070696520706c6174652e20436f76657220616e6420667265657a6520666f72203120686f7572206f72206d6f72652e200d3c62723e0d3c62723e332e20537072696e6b6c6520746f7020776974682072656d61696e696e67207065707065726d696e7420737469636b7320616e64206d696e742063616e646965732e20436f76657220616e6420667265657a6520666f72207365766572616c20686f757273206f72206f7665726e6967687420756e74696c206669726d2e200d3c62723e0d3c62723e342e20546f2073657276652c2072656d6f766520646573736572742066726f6d20667265657a65722e204c6574207374616e6420313020746f203135206d696e75746573206265666f72652073657276696e672e204d616b65732031302073657276696e67732e200d3c62723e0d3c62723e416476616e6365205072657061726174696f6e0d3c62723e507265706172652061732064697265637465642e205472616e7366657220746f20616e20616972746967687420636f6e7461696e65723b20636f7665722e20467265657a6520757020746f2031207765656b, 'dessert'),
(6, 'admin', 'Apple Martinis', 0x312e20527562206f72616e6765207765646765732061726f756e64207468652072696d73206f66203132206d617274696e6920676c61737365732e204469702072696d7320696e746f20612064697368206f6620737567617220746f20636f61742072696d733b207365742061736964652e0d3c62723e0d3c62723e322e20496e2061207069746368657220636f6d62696e6520766f646b612c206170706c65206a7569636520636f6e63656e74726174652c20616e64207665726d6f7574682e20506c6163652069636520637562657320696e2061206d617274696e69207368616b65722e20466f722065616368206472696e6b2c2061646420312f3320637570206f6620746865207379727570206d6978747572653b207368616b652e2053747261696e20696e746f206f6e65206f6620746865207072657061726564206d617274696e6920676c61737365732e20496620646573697265642c206761726e6973682077697468206f72616e6765207065656c207477697374732e0d3c62723e0d3c62723e332e204d616b65732031322073657276696e6773342e200d3c62723e0d3c62723e4f72616e6765204d617274696e69733a200d3c62723e0d3c62723e507265706172652061732061626f76652c2065786365707420737562737469747574652036207461626c6573706f6f6e732066726f7a656e206f72616e6765206a7569636520636f6e63656e74726174652c207468617765642c20666f7220746865206170706c65206a7569636520636f6e63656e74726174652e204f6d697420746865206f72616e6765207065656c206761726e6973682e0d3c62723e, 'drink');

-- --------------------------------------------------------

--
-- Table structure for table `recipe_to_ingredient`
--

CREATE TABLE IF NOT EXISTS `recipe_to_ingredient` (
  `recipe_id` int(11) NOT NULL,
  `ingredient_id` int(11) NOT NULL,
  KEY `recipe_id` (`recipe_id`)
) ENGINE=MyISAM DEFAULT CHARSET=latin1;

--
-- Dumping data for table `recipe_to_ingredient`
--

INSERT INTO `recipe_to_ingredient` (`recipe_id`, `ingredient_id`) VALUES
(1, 1),
(1, 2),
(1, 3),
(1, 4),
(1, 5),
(1, 6),
(1, 7),
(1, 8),
(1, 9),
(1, 10),
(1, 11),
(1, 12),
(1, 0),
(2, 14),
(2, 15),
(2, 16),
(2, 7),
(2, 17),
(2, 18),
(2, 19),
(2, 20),
(2, 21),
(2, 22),
(3, 23),
(3, 0),
(3, 0),
(3, 24),
(3, 25),
(3, 26),
(3, 27),
(4, 0),
(4, 28),
(4, 29),
(4, 0),
(4, 0),
(5, 31),
(5, 32),
(5, 0),
(5, 34),
(5, 0),
(5, 0),
(6, 37),
(6, 38),
(6, 39),
(6, 40),
(6, 41),
(6, 42),
(6, 26),
(6, 27);

-- --------------------------------------------------------

--
-- Table structure for table `users`
--

CREATE TABLE IF NOT EXISTS `users` (
  `email_address` varchar(50) NOT NULL,
  `password` varchar(50) NOT NULL,
  PRIMARY KEY (`email_address`)
) ENGINE=MyISAM DEFAULT CHARSET=latin1;

--
-- Dumping data for table `users`
--

INSERT INTO `users` (`email_address`, `password`) VALUES
('admin', 'd033e22ae348aeb5660fc2140aec35850c4da997'),
('emily', '403926033d001b5279df37cbbe5287b7c7c267fa'),
('kevin', '403926033d001b5279df37cbbe5287b7c7c267fa'),
('luke', '403926033d001b5279df37cbbe5287b7c7c267fa'),
('patrick', '403926033d001b5279df37cbbe5287b7c7c267fa'),
('megan', '403926033d001b5279df37cbbe5287b7c7c267fa');

/*!40101 SET CHARACTER_SET_CLIENT=@OLD_CHARACTER_SET_CLIENT */;
/*!40101 SET CHARACTER_SET_RESULTS=@OLD_CHARACTER_SET_RESULTS */;
/*!40101 SET COLLATION_CONNECTION=@OLD_COLLATION_CONNECTION */;
